algo,model,payoff,drift,volatility,mean,speed,correlation,hurst,nb_stocks,nb_paths,nb_dates,spot,strike,dividend,maturity,nb_epochs,hidden_size,factors,ridge_coeff,use_payoff_as_input,train_ITM_only,use_path,price,duration,time_path_gen,comp_time,delta,gamma,theta,rho,vega,greeks_method,price_upper_bound
LSM,BlackScholes,MinPut,0.05,0.2,0.01,2,-0.3,0.75,1,20000,50,100,100,0.0,1.0,30,50,"(1.0, 1.0, 1.0)",1.0,True,True,False,6.161293335699227,2.2365365028381348,0.834148645401001,1.4023878574371338,-0.4085384764662092,0.022958854828960998,-2.2410139166761933,-30.32873749005327,37.57446192585766,regression,
LSM,BlackScholes,MinPut,0.05,0.2,0.01,2,-0.3,0.75,1,20000,50,100,100,0.0,1.0,30,50,"(1.0, 1.0, 1.0)",1.0,True,True,False,6.045703336797658,1.7034213542938232,0.5484440326690674,1.1549773216247559,-0.4205997539861679,0.022995378500588904,-2.1937917633470594,-29.506888964330248,36.69131643068424,regression,
LSM,BlackScholes,MinPut,0.05,0.2,0.01,2,-0.3,0.75,1,20000,50,100,100,0.0,1.0,30,50,"(1.0, 1.0, 1.0)",1.0,True,True,False,6.049206985332631,2.1445765495300293,0.7417700290679932,1.4028065204620361,-0.41632557755639477,0.023043198937642173,-2.22455155047983,-31.260356584622908,37.87564525479809,regression,
LSM,BlackScholes,MinPut,0.05,0.2,0.01,2,-0.3,0.75,1,20000,50,100,100,0.0,1.0,30,50,"(1.0, 1.0, 1.0)",1.0,True,True,False,6.114079941340947,2.1782217025756836,0.6878786087036133,1.4903430938720703,-0.4254425381669127,0.02338903334283575,-2.24488998066554,-31.05883779167895,37.97827174354678,regression,
LSM,BlackScholes,MinPut,0.05,0.2,0.01,2,-0.3,0.75,1,20000,50,100,100,0.0,1.0,30,50,"(1.0, 1.0, 1.0)",1.0,True,True,False,6.016303025615542,1.7035491466522217,0.6087408065795898,1.0948083400726318,-0.4245280050818079,0.023285006892691227,-2.2335462018484296,-29.639627402836073,37.15523056177678,regression,
LSM,BlackScholes,MinPut,0.05,0.2,0.01,2,-0.3,0.75,1,20000,50,100,100,0.0,1.0,30,50,"(1.0, 1.0, 1.0)",1.0,True,True,False,5.95525186781822,1.8817229270935059,0.6873419284820557,1.1943809986114502,-0.4335738772046289,0.023422372897818514,-2.2188426001496473,-28.588141307724772,36.482453877439376,regression,
LSM,BlackScholes,MinPut,0.05,0.2,0.01,2,-0.3,0.75,1,20000,50,100,100,0.0,1.0,30,50,"(1.0, 1.0, 1.0)",1.0,True,True,False,5.97133563571137,2.0180232524871826,0.6440963745117188,1.3739268779754639,-0.41711799600407673,0.02301217338125706,-2.218277914445461,-29.551636458163312,36.95855413320395,regression,
LSM,BlackScholes,MinPut,0.05,0.2,0.01,2,-0.3,0.75,1,20000,50,100,100,0.0,1.0,30,50,"(1.0, 1.0, 1.0)",1.0,True,True,False,6.049325491536905,2.328540802001953,0.6958014965057373,1.6327393054962158,-0.39899302702287676,0.02242895144736585,-2.188358879781941,-30.09969148662576,36.93338817178414,regression,
LSM,BlackScholes,MinPut,0.05,0.2,0.01,2,-0.3,0.75,1,20000,50,100,100,0.0,1.0,30,50,"(1.0, 1.0, 1.0)",1.0,True,True,False,5.978075104248759,2.0696511268615723,0.6215710639953613,1.448080062866211,-0.4195187953874564,0.022918850940014772,-2.187272455853235,-29.253714149471595,36.49953755491241,regression,
LSM,BlackScholes,MinPut,0.05,0.2,0.01,2,-0.3,0.75,1,20000,50,100,100,0.0,1.0,30,50,"(1.0, 1.0, 1.0)",1.0,True,True,False,6.104586696555103,2.0582735538482666,0.9334111213684082,1.1248624324798584,-0.4432838919042097,0.023672805067982094,-2.2129122192476154,-29.228642374740513,36.743399288982715,regression,
LSM,BlackScholes,MinPut,0.05,0.2,0.01,2,-0.3,0.75,1,20000,50,100,100,0.0,1.0,30,50,"(1.0, 1.0, 1.0)",1.0,True,True,False,6.130030495648242,1.7455337047576904,0.6598670482635498,1.0856666564941406,-0.42348605665528627,0.02341261871649469,-2.2585919352400947,-30.377542200281972,37.774643541604696,regression,
LSM,BlackScholes,MinPut,0.05,0.2,0.01,2,-0.3,0.75,1,20000,50,100,100,0.0,1.0,30,50,"(1.0, 1.0, 1.0)",1.0,True,True,False,6.072465851004409,1.718395709991455,0.5634193420410156,1.1549763679504395,-0.4340556434415439,0.023468868116124895,-2.219872113467039,-30.315022466600656,37.35618715805391,regression,
LSM,BlackScholes,MinPut,0.05,0.2,0.01,2,-0.3,0.75,1,20000,50,100,100,0.0,1.0,30,50,"(1.0, 1.0, 1.0)",1.0,True,True,False,6.091735933067042,1.75862717628479,0.5525758266448975,1.2060513496398926,-0.40888230704154305,0.02297601086346703,-2.2462038408323397,-29.69110795612755,37.307547082105195,regression,
LSM,BlackScholes,MinPut,0.05,0.2,0.01,2,-0.3,0.75,1,20000,50,100,100,0.0,1.0,30,50,"(1.0, 1.0, 1.0)",1.0,True,True,False,6.069938661780299,2.0862057209014893,0.7371764183044434,1.349029302597046,-0.41509817797372195,0.022770870849110992,-2.1751863468645736,-30.82022838742375,37.16193127145046,regression,
LSM,BlackScholes,MinPut,0.05,0.2,0.01,2,-0.3,0.75,1,20000,50,100,100,0.0,1.0,30,50,"(1.0, 1.0, 1.0)",1.0,True,True,False,5.972412353512738,2.1809959411621094,0.619335412979126,1.5616605281829834,-0.44277237411468695,0.023572767585127028,-2.202071028776334,-29.79946238034395,36.92039728368728,regression,
LSM,BlackScholes,MinPut,0.05,0.2,0.01,2,-0.3,0.75,1,20000,50,100,100,0.0,1.0,30,50,"(1.0, 1.0, 1.0)",1.0,True,True,False,6.171977239374456,2.273495674133301,0.9170515537261963,1.3564441204071045,-0.4210464123255977,0.022889449650007464,-2.1640590064047824,-29.953318916293817,36.61720332056714,regression,
LSM,BlackScholes,MinPut,0.05,0.2,0.01,2,-0.3,0.75,1,20000,50,100,100,0.0,1.0,30,50,"(1.0, 1.0, 1.0)",1.0,True,True,False,6.032744170246644,1.8387384414672852,0.6143300533294678,1.2244083881378174,-0.43072093062673833,0.023154452205147728,-2.1756485793835227,-29.054769056924187,36.28382554788719,regression,
LSM,BlackScholes,MinPut,0.05,0.2,0.01,2,-0.3,0.75,1,20000,50,100,100,0.0,1.0,30,50,"(1.0, 1.0, 1.0)",1.0,True,True,False,6.027166137144093,1.8391270637512207,0.6918964385986328,1.147230625152588,-0.42115233963351617,0.02295094766168258,-2.1830695273117313,-30.271540809605423,36.96642003673538,regression,
LSM,BlackScholes,MinPut,0.05,0.2,0.01,2,-0.3,0.75,1,20000,50,100,100,0.0,1.0,30,50,"(1.0, 1.0, 1.0)",1.0,True,True,False,6.042893105170577,2.260059118270874,0.7870571613311768,1.4730019569396973,-0.4046789322580957,0.02261684726478424,-2.197830136407841,-29.03244458567541,36.49448027576666,regression,
LSM,BlackScholes,MinPut,0.05,0.2,0.01,2,-0.3,0.75,1,20000,50,100,100,0.0,1.0,30,50,"(1.0, 1.0, 1.0)",1.0,True,True,False,6.069742275260467,2.1607701778411865,0.7054803371429443,1.4552898406982422,-0.4310961154513375,0.023718960352286975,-2.284824379437684,-30.844061168959836,38.27022849886624,regression,
RLSM,BlackScholes,MinPut,0.05,0.2,0.01,2,-0.3,0.75,1,20000,50,100,100,0.0,1.0,30,50,"(1.0, 1.0, 1.0)",1.0,True,True,False,6.155650547938706,7.435279607772827,1.056133508682251,6.379146099090576,-0.43438639456791783,0.023445812328819895,-2.209447965527455,-30.49053652162872,37.33970319186536,regression,
RLSM,BlackScholes,MinPut,0.05,0.2,0.01,2,-0.3,0.75,1,20000,50,100,100,0.0,1.0,30,50,"(1.0, 1.0, 1.0)",1.0,True,True,False,6.130139973198993,9.038293600082397,0.9944183826446533,8.043875217437744,-0.4097356505544858,0.022889978919649112,-2.2228105324974443,-30.31824868471728,37.38718457481504,regression,
RLSM,BlackScholes,MinPut,0.05,0.2,0.01,2,-0.3,0.75,1,20000,50,100,100,0.0,1.0,30,50,"(1.0, 1.0, 1.0)",1.0,True,True,False,6.118076239642875,13.78239107131958,0.8795475959777832,12.902843475341797,-0.424313088612446,0.023333384581479547,-2.2392076612515366,-28.588929597889294,36.68650076727932,regression,
RLSM,BlackScholes,MinPut,0.05,0.2,0.01,2,-0.3,0.75,1,20000,50,100,100,0.0,1.0,30,50,"(1.0, 1.0, 1.0)",1.0,True,True,False,6.104540547551352,6.668273448944092,0.6688425540924072,5.999430894851685,-0.40852933940675484,0.022697764889408684,-2.191679253470396,-30.225448350094073,37.029472653885875,regression,
RLSM,BlackScholes,MinPut,0.05,0.2,0.01,2,-0.3,0.75,1,20000,50,100,100,0.0,1.0,30,50,"(1.0, 1.0, 1.0)",1.0,True,True,False,6.08677406340351,9.19629192352295,0.8591644763946533,8.337127447128296,-0.4303166898396005,0.02322164596104268,-2.188407039840359,-29.298673284509913,36.53336439955764,regression,
RLSM,BlackScholes,MinPut,0.05,0.2,0.01,2,-0.3,0.75,1,20000,50,100,100,0.0,1.0,30,50,"(1.0, 1.0, 1.0)",1.0,True,True,False,6.016976674681359,13.007116317749023,0.8909740447998047,12.116142272949219,-0.43735073360757903,0.023550526318664163,-2.2225027619608704,-29.875559570276614,37.1627641603655,regression,
RLSM,BlackScholes,MinPut,0.05,0.2,0.01,2,-0.3,0.75,1,20000,50,100,100,0.0,1.0,30,50,"(1.0, 1.0, 1.0)",1.0,True,True,False,6.124182598515304,11.24121642112732,0.8269524574279785,10.41426396369934,-0.4350091313992004,0.02357504790853001,-2.233754794784236,-29.263657861229497,36.96933511480212,regression,
RLSM,BlackScholes,MinPut,0.05,0.2,0.01,2,-0.3,0.75,1,20000,50,100,100,0.0,1.0,30,50,"(1.0, 1.0, 1.0)",1.0,True,True,False,6.179317713007549,12.661234617233276,0.7866296768188477,11.874604940414429,-0.42575104846771783,0.023211478169610823,-2.204574505933199,-29.70014406746414,36.895772443324994,regression,
RLSM,BlackScholes,MinPut,0.05,0.2,0.01,2,-0.3,0.75,1,20000,50,100,100,0.0,1.0,30,50,"(1.0, 1.0, 1.0)",1.0,True,True,False,6.132350677825741,8.81402039527893,0.7893359661102295,8.024684429168701,-0.42066022967720995,0.023119229274960983,-2.2139271727148606,-29.555926520645652,36.91719245760283,regression,
RLSM,BlackScholes,MinPut,0.05,0.2,0.01,2,-0.3,0.75,1,20000,50,100,100,0.0,1.0,30,50,"(1.0, 1.0, 1.0)",1.0,True,True,False,6.141824040710247,11.222108364105225,0.9354147911071777,10.286693572998047,-0.42626669656191485,0.023187179787465647,-2.1990112726480437,-29.248991261589946,36.614566357917944,regression,
RLSM,BlackScholes,MinPut,0.05,0.2,0.01,2,-0.3,0.75,1,20000,50,100,100,0.0,1.0,30,50,"(1.0, 1.0, 1.0)",1.0,True,True,False,6.131923750121118,6.734731197357178,0.9307847023010254,5.803946495056152,-0.4253499928390605,0.02301664103202335,-2.169982054703312,-29.734238324420453,36.56689840373702,regression,
RLSM,BlackScholes,MinPut,0.05,0.2,0.01,2,-0.3,0.75,1,20000,50,100,100,0.0,1.0,30,50,"(1.0, 1.0, 1.0)",1.0,True,True,False,6.2010089858285085,6.996717691421509,0.7878210544586182,6.208896636962891,-0.4484276009801649,0.023495619241259733,-2.1469353940596974,-29.838477484092675,36.38854953711668,regression,
RLSM,BlackScholes,MinPut,0.05,0.2,0.01,2,-0.3,0.75,1,20000,50,100,100,0.0,1.0,30,50,"(1.0, 1.0, 1.0)",1.0,True,True,False,6.236675834652345,8.833218336105347,0.7014429569244385,8.131775379180908,-0.4309496372157797,0.02339535649187789,-2.2124893205640626,-29.28915832123222,36.769428140423415,regression,
RLSM,BlackScholes,MinPut,0.05,0.2,0.01,2,-0.3,0.75,1,20000,50,100,100,0.0,1.0,30,50,"(1.0, 1.0, 1.0)",1.0,True,True,False,6.124598667182909,10.375954627990723,0.6619610786437988,9.713993549346924,-0.4330569163300466,0.023228715977709,-2.1742286805324227,-29.369643818538684,36.427066710380615,regression,
RLSM,BlackScholes,MinPut,0.05,0.2,0.01,2,-0.3,0.75,1,20000,50,100,100,0.0,1.0,30,50,"(1.0, 1.0, 1.0)",1.0,True,True,False,6.048029252622996,8.403058528900146,0.8165864944458008,7.586472034454346,-0.42370706669704905,0.023029375632400952,-2.184938330363796,-29.263862842507542,36.48127345061806,regression,
RLSM,BlackScholes,MinPut,0.05,0.2,0.01,2,-0.3,0.75,1,20000,50,100,100,0.0,1.0,30,50,"(1.0, 1.0, 1.0)",1.0,True,True,False,6.139930314490286,9.840043544769287,0.7108240127563477,9.12921953201294,-0.4238735236835556,0.02325863504312226,-2.22536287448216,-29.1372389198069,36.82220808385017,regression,
RLSM,BlackScholes,MinPut,0.05,0.2,0.01,2,-0.3,0.75,1,20000,50,100,100,0.0,1.0,30,50,"(1.0, 1.0, 1.0)",1.0,True,True,False,6.19889231787127,9.888854503631592,0.8249633312225342,9.063891172409058,-0.4061872730971525,0.02288437730381921,-2.2359944793845163,-30.665420568896238,37.69261145134383,regression,
RLSM,BlackScholes,MinPut,0.05,0.2,0.01,2,-0.3,0.75,1,20000,50,100,100,0.0,1.0,30,50,"(1.0, 1.0, 1.0)",1.0,True,True,False,6.232856954686497,9.321838140487671,0.7320566177368164,8.589781522750854,-0.4127219268729383,0.022975294059574797,-2.219806329815943,-30.16583139264558,37.28093449964428,regression,
RLSM,BlackScholes,MinPut,0.05,0.2,0.01,2,-0.3,0.75,1,20000,50,100,100,0.0,1.0,30,50,"(1.0, 1.0, 1.0)",1.0,True,True,False,6.181936936879453,9.337175607681274,0.7399513721466064,8.597224235534668,-0.40756922284980135,0.02291953940286526,-2.236964919480073,-29.281880080851867,37.01054608083584,regression,
RLSM,BlackScholes,MinPut,0.05,0.2,0.01,2,-0.3,0.75,1,20000,50,100,100,0.0,1.0,30,50,"(1.0, 1.0, 1.0)",1.0,True,True,False,6.206666014291528,6.759071588516235,0.6214971542358398,6.1375744342803955,-0.41595189642055574,0.022951835197494067,-2.200274256681459,-30.07826432931396,37.04182967275774,regression,
NLSM,BlackScholes,MinPut,0.05,0.2,0.01,2,-0.3,0.75,1,20000,50,100,100,0.0,1.0,30,50,"(1.0, 1.0, 1.0)",1.0,True,True,False,6.069559767996651,47.012608766555786,0.6412825584411621,46.371326208114624,-0.4170202382110766,0.02318439406500661,-2.2482996335461065,-31.157595527371356,37.65859505412538,regression,
NLSM,BlackScholes,MinPut,0.05,0.2,0.01,2,-0.3,0.75,1,20000,50,100,100,0.0,1.0,30,50,"(1.0, 1.0, 1.0)",1.0,True,True,False,6.039134926118493,49.45744705200195,0.6044211387634277,48.853025913238525,-0.4302796137386733,0.023326791620761875,-2.2120035091530843,-29.575203438422793,36.7146113647087,regression,
NLSM,BlackScholes,MinPut,0.05,0.2,0.01,2,-0.3,0.75,1,20000,50,100,100,0.0,1.0,30,50,"(1.0, 1.0, 1.0)",1.0,True,True,False,5.985039565844232,44.241270542144775,0.5639066696166992,43.677363872528076,-0.4343565364414377,0.023448463784435627,-2.218658096387726,-29.911069285511353,36.84932680571643,regression,
NLSM,BlackScholes,MinPut,0.05,0.2,0.01,2,-0.3,0.75,1,20000,50,100,100,0.0,1.0,30,50,"(1.0, 1.0, 1.0)",1.0,True,True,False,6.094717825385516,50.488093852996826,0.7428364753723145,49.74525737762451,-0.4212519499796077,0.02301645985561081,-2.1922963299548486,-29.56889255960951,37.04749346323101,regression,
NLSM,BlackScholes,MinPut,0.05,0.2,0.01,2,-0.3,0.75,1,20000,50,100,100,0.0,1.0,30,50,"(1.0, 1.0, 1.0)",1.0,True,True,False,6.0971093898911874,46.77436900138855,0.6782691478729248,46.096099853515625,-0.42084977219920194,0.02318070931381044,-2.2270375322715195,-29.15991555804652,36.97382616471707,regression,
NLSM,BlackScholes,MinPut,0.05,0.2,0.01,2,-0.3,0.75,1,20000,50,100,100,0.0,1.0,30,50,"(1.0, 1.0, 1.0)",1.0,True,True,False,6.064093431025839,43.497180223464966,0.5195596218109131,42.97762060165405,-0.4117401608561342,0.022834875402479617,-2.2050696046639615,-28.768333092566575,36.88476804379407,regression,
NLSM,BlackScholes,MinPut,0.05,0.2,0.01,2,-0.3,0.75,1,20000,50,100,100,0.0,1.0,30,50,"(1.0, 1.0, 1.0)",1.0,True,True,False,6.1221125392422096,52.624584436416626,0.625178337097168,51.99940609931946,-0.44162654280738645,0.023694031586581496,-2.2245679763172563,-29.80830380620726,37.4469634549449,regression,
NLSM,BlackScholes,MinPut,0.05,0.2,0.01,2,-0.3,0.75,1,20000,50,100,100,0.0,1.0,30,50,"(1.0, 1.0, 1.0)",1.0,True,True,False,5.92210130321817,50.5288143157959,0.5889861583709717,49.93982815742493,-0.4013556385241732,0.02263977912275849,-2.225072566769924,-28.8431194520071,36.6210781336022,regression,
NLSM,BlackScholes,MinPut,0.05,0.2,0.01,2,-0.3,0.75,1,20000,50,100,100,0.0,1.0,30,50,"(1.0, 1.0, 1.0)",1.0,True,True,False,6.113314028684471,41.92520761489868,0.6266968250274658,41.298510789871216,-0.44035427493387846,0.023704681972219508,-2.2334993183402863,-29.54171287277828,37.106720750425346,regression,
NLSM,BlackScholes,MinPut,0.05,0.2,0.01,2,-0.3,0.75,1,20000,50,100,100,0.0,1.0,30,50,"(1.0, 1.0, 1.0)",1.0,True,True,False,6.030840539426293,41.28966569900513,0.48249316215515137,40.807172536849976,-0.42096184012643745,0.023086287333731092,-2.2109062391427177,-29.276233162529483,36.832148020356385,regression,
NLSM,BlackScholes,MinPut,0.05,0.2,0.01,2,-0.3,0.75,1,20000,50,100,100,0.0,1.0,30,50,"(1.0, 1.0, 1.0)",1.0,True,True,False,6.095668152386224,40.88201856613159,0.5871407985687256,40.294877767562866,-0.409744599933882,0.02301150934164323,-2.248795461039926,-30.42737004145483,37.353554989764255,regression,
NLSM,BlackScholes,MinPut,0.05,0.2,0.01,2,-0.3,0.75,1,20000,50,100,100,0.0,1.0,30,50,"(1.0, 1.0, 1.0)",1.0,True,True,False,5.929424229635828,44.39593267440796,0.5622949600219727,43.833637714385986,-0.40758146951277663,0.022732230458609472,-2.212067532676221,-29.502727829615818,36.89201710157426,regression,
NLSM,BlackScholes,MinPut,0.05,0.2,0.01,2,-0.3,0.75,1,20000,50,100,100,0.0,1.0,30,50,"(1.0, 1.0, 1.0)",1.0,True,True,False,5.988497788751971,42.32714366912842,0.4727461338043213,41.8543975353241,-0.3997945073796747,0.022643656672974702,-2.230333908258969,-28.93296762894529,36.512846437503086,regression,
NLSM,BlackScholes,MinPut,0.05,0.2,0.01,2,-0.3,0.75,1,20000,50,100,100,0.0,1.0,30,50,"(1.0, 1.0, 1.0)",1.0,True,True,False,6.124858667198197,43.93970990180969,0.578432559967041,43.36127734184265,-0.4262355357628458,0.02324197083953205,-2.210973555732271,-30.920752530598506,37.61584331116556,regression,
NLSM,BlackScholes,MinPut,0.05,0.2,0.01,2,-0.3,0.75,1,20000,50,100,100,0.0,1.0,30,50,"(1.0, 1.0, 1.0)",1.0,True,True,False,5.990331844054552,39.11442804336548,0.40651369094848633,38.70791435241699,-0.40798229270492437,0.02274485239808883,-2.2095424238904178,-30.415578897214843,36.88348777897578,regression,
NLSM,BlackScholes,MinPut,0.05,0.2,0.01,2,-0.3,0.75,1,20000,50,100,100,0.0,1.0,30,50,"(1.0, 1.0, 1.0)",1.0,True,True,False,6.110781072171832,40.79180026054382,0.5488495826721191,40.242950677871704,-0.4283058084636928,0.023077761079705838,-2.1684841200141127,-30.004161303723127,37.69868861679911,regression,
NLSM,BlackScholes,MinPut,0.05,0.2,0.01,2,-0.3,0.75,1,20000,50,100,100,0.0,1.0,30,50,"(1.0, 1.0, 1.0)",1.0,True,True,False,6.1162505844037725,44.076760053634644,0.5755722522735596,43.501187801361084,-0.4167180704597313,0.022987133290786284,-2.2080237766384117,-30.95680345180795,37.07073347504409,regression,
NLSM,BlackScholes,MinPut,0.05,0.2,0.01,2,-0.3,0.75,1,20000,50,100,100,0.0,1.0,30,50,"(1.0, 1.0, 1.0)",1.0,True,True,False,6.012692936376425,44.22291350364685,0.5964243412017822,43.62648916244507,-0.4254634314293737,0.02337241152284482,-2.2465305006032743,-30.387079443250666,37.96142065322274,regression,
NLSM,BlackScholes,MinPut,0.05,0.2,0.01,2,-0.3,0.75,1,20000,50,100,100,0.0,1.0,30,50,"(1.0, 1.0, 1.0)",1.0,True,True,False,6.047068744219644,45.36841344833374,0.4651367664337158,44.903276681900024,-0.42335276133091915,0.023070269491607103,-2.1949366544558435,-30.151104221808666,37.200410838896836,regression,
NLSM,BlackScholes,MinPut,0.05,0.2,0.01,2,-0.3,0.75,1,20000,50,100,100,0.0,1.0,30,50,"(1.0, 1.0, 1.0)",1.0,True,True,False,6.170045292224216,42.434327363967896,0.5707790851593018,41.863548278808594,-0.40924066135148207,0.023171740576097347,-2.2796425438508483,-30.068142094313504,38.52097719421873,regression,
