algo,model,payoff,drift,volatility,mean,speed,correlation,hurst,nb_stocks,nb_paths,nb_dates,spot,strike,dividend,maturity,nb_epochs,hidden_size,factors,ridge_coeff,use_payoff_as_input,train_ITM_only,use_path,price,duration,time_path_gen,comp_time,delta,gamma,theta,rho,vega,greeks_method,price_upper_bound
RLSM,Heston,MinPut,0.05,0.2,0.01,2,-0.3,0.75,1,20000,50,100,100,0.0,1.0,30,50,"(1.0, 1.0, 1.0)",1.0,True,True,False,2.9235505451352317,29.15348219871521,28.6397545337677,0.5137276649475098,,,,,,central,
RLSM,Heston,MinPut,0.05,0.2,0.01,2,-0.3,0.75,1,20000,50,100,100,0.0,1.0,30,50,"(1.0, 1.0, 1.0)",1.0,True,True,False,2.966524070467856,30.556344032287598,30.105280876159668,0.4510631561279297,,,,,,central,
RLSM,Heston,MinPut,0.05,0.2,0.01,2,-0.3,0.75,1,20000,50,100,100,0.0,1.0,30,50,"(1.0, 1.0, 1.0)",1.0,True,True,False,2.933765265290722,29.145922899246216,28.60269522666931,0.5432276725769043,,,,,,central,
RLSM,Heston,MinPut,0.05,0.2,0.01,2,-0.3,0.75,1,20000,50,100,100,0.0,1.0,30,50,"(1.0, 1.0, 1.0)",1.0,True,True,False,2.957047596936342,29.55349636077881,29.007253646850586,0.5462427139282227,,,,,,central,
RLSM,Heston,MinPut,0.05,0.2,0.01,2,-0.3,0.75,1,20000,50,100,100,0.0,1.0,30,50,"(1.0, 1.0, 1.0)",1.0,True,True,False,2.905494498504795,28.710631847381592,28.252357482910156,0.45827436447143555,,,,,,central,
RLSM,Heston,MinPut,0.05,0.2,0.01,2,-0.3,0.75,1,20000,50,100,100,0.0,1.0,30,50,"(1.0, 1.0, 1.0)",1.0,True,True,False,2.970715222055952,29.157862663269043,28.413005352020264,0.7448573112487793,,,,,,central,
RLSM,Heston,MinPut,0.05,0.2,0.01,2,-0.3,0.75,1,20000,50,100,100,0.0,1.0,30,50,"(1.0, 1.0, 1.0)",1.0,True,True,False,2.932861066111931,30.230656623840332,29.724088668823242,0.5065679550170898,,,,,,central,
RLSM,Heston,MinPut,0.05,0.2,0.01,2,-0.3,0.75,1,20000,50,100,100,0.0,1.0,30,50,"(1.0, 1.0, 1.0)",1.0,True,True,False,2.923991540515438,30.4277081489563,29.856229782104492,0.5714783668518066,,,,,,central,
RLSM,Heston,MinPut,0.05,0.2,0.01,2,-0.3,0.75,1,20000,50,100,100,0.0,1.0,30,50,"(1.0, 1.0, 1.0)",1.0,True,True,False,3.0116041653887935,30.467984199523926,29.88233256340027,0.5856516361236572,,,,,,central,
RLSM,Heston,MinPut,0.05,0.2,0.01,2,-0.3,0.75,1,20000,50,100,100,0.0,1.0,30,50,"(1.0, 1.0, 1.0)",1.0,True,True,False,2.934677900087598,29.535078525543213,29.06148052215576,0.47359800338745117,,,,,,central,
RLSM,Heston,MinPut,0.05,0.2,0.01,2,-0.3,0.75,1,20000,50,100,100,0.0,1.0,30,50,"(1.0, 1.0, 1.0)",1.0,True,True,False,2.9047406598313485,29.393430471420288,28.957847118377686,0.43558335304260254,,,,,,central,
RLSM,Heston,MinPut,0.05,0.2,0.01,2,-0.3,0.75,1,20000,50,100,100,0.0,1.0,30,50,"(1.0, 1.0, 1.0)",1.0,True,True,False,2.928446626515898,29.56271505355835,29.133949279785156,0.42876577377319336,,,,,,central,
RLSM,Heston,MinPut,0.05,0.2,0.01,2,-0.3,0.75,1,20000,50,100,100,0.0,1.0,30,50,"(1.0, 1.0, 1.0)",1.0,True,True,False,2.8924083257988364,31.08065128326416,30.568618059158325,0.512033224105835,,,,,,central,
RLSM,Heston,MinPut,0.05,0.2,0.01,2,-0.3,0.75,1,20000,50,100,100,0.0,1.0,30,50,"(1.0, 1.0, 1.0)",1.0,True,True,False,2.93595644068538,29.77101993560791,29.35841393470764,0.41260600090026855,,,,,,central,
RLSM,Heston,MinPut,0.05,0.2,0.01,2,-0.3,0.75,1,20000,50,100,100,0.0,1.0,30,50,"(1.0, 1.0, 1.0)",1.0,True,True,False,2.95045566420528,29.901224851608276,29.390070915222168,0.5111539363861084,,,,,,central,
RLSM,Heston,MinPut,0.05,0.2,0.01,2,-0.3,0.75,1,20000,50,100,100,0.0,1.0,30,50,"(1.0, 1.0, 1.0)",1.0,True,True,False,2.9528169338507486,29.790372610092163,29.286425590515137,0.5039470195770264,,,,,,central,
RLSM,Heston,MinPut,0.05,0.2,0.01,2,-0.3,0.75,1,20000,50,100,100,0.0,1.0,30,50,"(1.0, 1.0, 1.0)",1.0,True,True,False,2.9040018253535083,30.67895483970642,30.216280698776245,0.4626741409301758,,,,,,central,
RLSM,Heston,MinPut,0.05,0.2,0.01,2,-0.3,0.75,1,20000,50,100,100,0.0,1.0,30,50,"(1.0, 1.0, 1.0)",1.0,True,True,False,2.899648551983942,30.787723541259766,30.258310556411743,0.5294129848480225,,,,,,central,
RLSM,Heston,MinPut,0.05,0.2,0.01,2,-0.3,0.75,1,20000,50,100,100,0.0,1.0,30,50,"(1.0, 1.0, 1.0)",1.0,True,True,False,2.873320878193595,30.567721605300903,30.116557359695435,0.45116424560546875,,,,,,central,
RLSM,Heston,MinPut,0.05,0.2,0.01,2,-0.3,0.75,1,20000,50,100,100,0.0,1.0,30,50,"(1.0, 1.0, 1.0)",1.0,True,True,False,2.9092004162148495,29.49071955680847,29.01444149017334,0.47627806663513184,,,,,,central,
NLSM,Heston,MinPut,0.05,0.2,0.01,2,-0.3,0.75,1,20000,50,100,100,0.0,1.0,30,50,"(1.0, 1.0, 1.0)",1.0,True,True,False,3.0134066209598744,37.070627212524414,29.44732141494751,7.623305797576904,,,,,,central,
NLSM,Heston,MinPut,0.05,0.2,0.01,2,-0.3,0.75,1,20000,50,100,100,0.0,1.0,30,50,"(1.0, 1.0, 1.0)",1.0,True,True,False,2.988305199580255,38.57473564147949,30.08888816833496,8.485847473144531,,,,,,central,
NLSM,Heston,MinPut,0.05,0.2,0.01,2,-0.3,0.75,1,20000,50,100,100,0.0,1.0,30,50,"(1.0, 1.0, 1.0)",1.0,True,True,False,2.942520784442053,48.06004762649536,34.84422183036804,13.21582579612732,,,,,,central,
NLSM,Heston,MinPut,0.05,0.2,0.01,2,-0.3,0.75,1,20000,50,100,100,0.0,1.0,30,50,"(1.0, 1.0, 1.0)",1.0,True,True,False,2.8739178852426823,39.46706414222717,30.15189266204834,9.315171480178833,,,,,,central,
NLSM,Heston,MinPut,0.05,0.2,0.01,2,-0.3,0.75,1,20000,50,100,100,0.0,1.0,30,50,"(1.0, 1.0, 1.0)",1.0,True,True,False,2.858688395005552,42.61391854286194,29.78840398788452,12.825514554977417,,,,,,central,
NLSM,Heston,MinPut,0.05,0.2,0.01,2,-0.3,0.75,1,20000,50,100,100,0.0,1.0,30,50,"(1.0, 1.0, 1.0)",1.0,True,True,False,3.00630662833211,43.908912658691406,29.931331872940063,13.977580785751343,,,,,,central,
NLSM,Heston,MinPut,0.05,0.2,0.01,2,-0.3,0.75,1,20000,50,100,100,0.0,1.0,30,50,"(1.0, 1.0, 1.0)",1.0,True,True,False,2.9496520252600966,48.2430419921875,33.32156038284302,14.921481609344482,,,,,,central,
NLSM,Heston,MinPut,0.05,0.2,0.01,2,-0.3,0.75,1,20000,50,100,100,0.0,1.0,30,50,"(1.0, 1.0, 1.0)",1.0,True,True,False,2.9461467169472515,48.17760467529297,36.737908601760864,11.439696073532104,,,,,,central,
NLSM,Heston,MinPut,0.05,0.2,0.01,2,-0.3,0.75,1,20000,50,100,100,0.0,1.0,30,50,"(1.0, 1.0, 1.0)",1.0,True,True,False,2.9265262349172168,41.93952751159668,30.595288276672363,11.344239234924316,,,,,,central,
NLSM,Heston,MinPut,0.05,0.2,0.01,2,-0.3,0.75,1,20000,50,100,100,0.0,1.0,30,50,"(1.0, 1.0, 1.0)",1.0,True,True,False,2.8749731063225203,46.12566661834717,34.015341997146606,12.110324621200562,,,,,,central,
NLSM,Heston,MinPut,0.05,0.2,0.01,2,-0.3,0.75,1,20000,50,100,100,0.0,1.0,30,50,"(1.0, 1.0, 1.0)",1.0,True,True,False,3.0214084667262826,66.34033823013306,58.771727561950684,7.568610668182373,,,,,,central,
NLSM,Heston,MinPut,0.05,0.2,0.01,2,-0.3,0.75,1,20000,50,100,100,0.0,1.0,30,50,"(1.0, 1.0, 1.0)",1.0,True,True,False,2.978753627817959,67.55574107170105,58.30880308151245,9.246937990188599,,,,,,central,
NLSM,Heston,MinPut,0.05,0.2,0.01,2,-0.3,0.75,1,20000,50,100,100,0.0,1.0,30,50,"(1.0, 1.0, 1.0)",1.0,True,True,False,2.8848188621315454,42.60482978820801,36.24806761741638,6.356762170791626,,,,,,central,
NLSM,Heston,MinPut,0.05,0.2,0.01,2,-0.3,0.75,1,20000,50,100,100,0.0,1.0,30,50,"(1.0, 1.0, 1.0)",1.0,True,True,False,2.9394936233637954,49.40809917449951,42.4085009098053,6.999598264694214,,,,,,central,
NLSM,Heston,MinPut,0.05,0.2,0.01,2,-0.3,0.75,1,20000,50,100,100,0.0,1.0,30,50,"(1.0, 1.0, 1.0)",1.0,True,True,False,2.8340441168707486,83.27034950256348,70.0659384727478,13.204411029815674,,,,,,central,
NLSM,Heston,MinPut,0.05,0.2,0.01,2,-0.3,0.75,1,20000,50,100,100,0.0,1.0,30,50,"(1.0, 1.0, 1.0)",1.0,True,True,False,2.876730713856819,66.25431942939758,55.48242998123169,10.771889448165894,,,,,,central,
NLSM,Heston,MinPut,0.05,0.2,0.01,2,-0.3,0.75,1,20000,50,100,100,0.0,1.0,30,50,"(1.0, 1.0, 1.0)",1.0,True,True,False,2.9087492184646444,74.85448575019836,62.24919295310974,12.605292797088623,,,,,,central,
NLSM,Heston,MinPut,0.05,0.2,0.01,2,-0.3,0.75,1,20000,50,100,100,0.0,1.0,30,50,"(1.0, 1.0, 1.0)",1.0,True,True,False,2.938553344668617,65.72204160690308,55.807297706604004,9.914743900299072,,,,,,central,
NLSM,Heston,MinPut,0.05,0.2,0.01,2,-0.3,0.75,1,20000,50,100,100,0.0,1.0,30,50,"(1.0, 1.0, 1.0)",1.0,True,True,False,2.9788006982168276,73.75451874732971,61.14190888404846,12.61260986328125,,,,,,central,
NLSM,Heston,MinPut,0.05,0.2,0.01,2,-0.3,0.75,1,20000,50,100,100,0.0,1.0,30,50,"(1.0, 1.0, 1.0)",1.0,True,True,False,2.9173053626992638,66.72006034851074,55.025745153427124,11.694315195083618,,,,,,central,
LSM,Heston,MinPut,0.05,0.2,0.01,2,-0.3,0.75,1,20000,50,100,100,0.0,1.0,30,50,"(1.0, 1.0, 1.0)",1.0,True,True,False,2.9560219451458445,52.24351096153259,52.139466524124146,0.10404443740844727,,,,,,central,
LSM,Heston,MinPut,0.05,0.2,0.01,2,-0.3,0.75,1,20000,50,100,100,0.0,1.0,30,50,"(1.0, 1.0, 1.0)",1.0,True,True,False,2.995157667346446,54.47071719169617,54.33090806007385,0.13980913162231445,,,,,,central,
LSM,Heston,MinPut,0.05,0.2,0.01,2,-0.3,0.75,1,20000,50,100,100,0.0,1.0,30,50,"(1.0, 1.0, 1.0)",1.0,True,True,False,2.9749255705786823,54.999920129776,54.86296558380127,0.13695454597473145,,,,,,central,
LSM,Heston,MinPut,0.05,0.2,0.01,2,-0.3,0.75,1,20000,50,100,100,0.0,1.0,30,50,"(1.0, 1.0, 1.0)",1.0,True,True,False,2.9481507809003773,58.21892857551575,58.04948163032532,0.1694469451904297,,,,,,central,
LSM,Heston,MinPut,0.05,0.2,0.01,2,-0.3,0.75,1,20000,50,100,100,0.0,1.0,30,50,"(1.0, 1.0, 1.0)",1.0,True,True,False,2.9537527261427146,63.28090262413025,63.13443922996521,0.14646339416503906,,,,,,central,
LSM,Heston,MinPut,0.05,0.2,0.01,2,-0.3,0.75,1,20000,50,100,100,0.0,1.0,30,50,"(1.0, 1.0, 1.0)",1.0,True,True,False,2.9744454493601076,51.19931602478027,51.084986209869385,0.11432981491088867,,,,,,central,
LSM,Heston,MinPut,0.05,0.2,0.01,2,-0.3,0.75,1,20000,50,100,100,0.0,1.0,30,50,"(1.0, 1.0, 1.0)",1.0,True,True,False,3.02186667428059,44.817450761795044,44.71235466003418,0.10509610176086426,,,,,,central,
LSM,Heston,MinPut,0.05,0.2,0.01,2,-0.3,0.75,1,20000,50,100,100,0.0,1.0,30,50,"(1.0, 1.0, 1.0)",1.0,True,True,False,3.006768007576934,49.264249086380005,49.11273169517517,0.15151739120483398,,,,,,central,
LSM,Heston,MinPut,0.05,0.2,0.01,2,-0.3,0.75,1,20000,50,100,100,0.0,1.0,30,50,"(1.0, 1.0, 1.0)",1.0,True,True,False,2.989962260974975,52.07148265838623,51.843515396118164,0.2279672622680664,,,,,,central,
LSM,Heston,MinPut,0.05,0.2,0.01,2,-0.3,0.75,1,20000,50,100,100,0.0,1.0,30,50,"(1.0, 1.0, 1.0)",1.0,True,True,False,3.023336606942785,52.829612255096436,52.725943088531494,0.1036691665649414,,,,,,central,
LSM,Heston,MinPut,0.05,0.2,0.01,2,-0.3,0.75,1,20000,50,100,100,0.0,1.0,30,50,"(1.0, 1.0, 1.0)",1.0,True,True,False,3.0451501302319413,52.12320375442505,51.710822105407715,0.412381649017334,,,,,,central,
LSM,Heston,MinPut,0.05,0.2,0.01,2,-0.3,0.75,1,20000,50,100,100,0.0,1.0,30,50,"(1.0, 1.0, 1.0)",1.0,True,True,False,2.968153757819952,59.91477990150452,59.813703536987305,0.10107636451721191,,,,,,central,
LSM,Heston,MinPut,0.05,0.2,0.01,2,-0.3,0.75,1,20000,50,100,100,0.0,1.0,30,50,"(1.0, 1.0, 1.0)",1.0,True,True,False,3.0173757613911696,62.92321491241455,62.8206627368927,0.10255217552185059,,,,,,central,
LSM,Heston,MinPut,0.05,0.2,0.01,2,-0.3,0.75,1,20000,50,100,100,0.0,1.0,30,50,"(1.0, 1.0, 1.0)",1.0,True,True,False,2.935241855105924,52.188130617141724,52.007805824279785,0.18032479286193848,,,,,,central,
LSM,Heston,MinPut,0.05,0.2,0.01,2,-0.3,0.75,1,20000,50,100,100,0.0,1.0,30,50,"(1.0, 1.0, 1.0)",1.0,True,True,False,3.042083967086393,52.47728514671326,52.32379412651062,0.15349102020263672,,,,,,central,
LSM,Heston,MinPut,0.05,0.2,0.01,2,-0.3,0.75,1,20000,50,100,100,0.0,1.0,30,50,"(1.0, 1.0, 1.0)",1.0,True,True,False,3.0258303812939036,65.38097310066223,65.2294089794159,0.1515641212463379,,,,,,central,
LSM,Heston,MinPut,0.05,0.2,0.01,2,-0.3,0.75,1,20000,50,100,100,0.0,1.0,30,50,"(1.0, 1.0, 1.0)",1.0,True,True,False,2.955415233344905,63.05669331550598,62.95714235305786,0.09955096244812012,,,,,,central,
LSM,Heston,MinPut,0.05,0.2,0.01,2,-0.3,0.75,1,20000,50,100,100,0.0,1.0,30,50,"(1.0, 1.0, 1.0)",1.0,True,True,False,2.8645880701218345,56.10034132003784,55.95285987854004,0.14748144149780273,,,,,,central,
LSM,Heston,MinPut,0.05,0.2,0.01,2,-0.3,0.75,1,20000,50,100,100,0.0,1.0,30,50,"(1.0, 1.0, 1.0)",1.0,True,True,False,2.9242618321207625,57.872904777526855,57.732351541519165,0.14055323600769043,,,,,,central,
LSM,Heston,MinPut,0.05,0.2,0.01,2,-0.3,0.75,1,20000,50,100,100,0.0,1.0,30,50,"(1.0, 1.0, 1.0)",1.0,True,True,False,3.09152372642087,54.508172035217285,54.38501286506653,0.12315917015075684,,,,,,central,
RLSM,Heston,MinPut,0.05,0.2,0.01,2,-0.3,0.75,1,20000,50,100.5,100,0.0,1.0,30,50,"(1.0, 1.0, 1.0)",1.0,True,True,False,2.7505037367928713,43.58695077896118,43.00719738006592,0.5797533988952637,,,,,,central,
RLSM,Heston,MinPut,0.05,0.2,0.01,2,-0.3,0.75,1,20000,50,100.5,100,0.0,1.0,30,50,"(1.0, 1.0, 1.0)",1.0,True,True,False,2.71691863088291,54.007938385009766,53.440062284469604,0.5678761005401611,,,,,,central,
RLSM,Heston,MinPut,0.05,0.2,0.01,2,-0.3,0.75,1,20000,50,100.5,100,0.0,1.0,30,50,"(1.0, 1.0, 1.0)",1.0,True,True,False,2.747339101143209,51.82455921173096,51.3094003200531,0.5151588916778564,,,,,,central,
RLSM,Heston,MinPut,0.05,0.2,0.01,2,-0.3,0.75,1,20000,50,100.5,100,0.0,1.0,30,50,"(1.0, 1.0, 1.0)",1.0,True,True,False,2.743668229585099,41.9695086479187,41.42588996887207,0.5436186790466309,,,,,,central,
RLSM,Heston,MinPut,0.05,0.2,0.01,2,-0.3,0.75,1,20000,50,100.5,100,0.0,1.0,30,50,"(1.0, 1.0, 1.0)",1.0,True,True,False,2.775360741742926,59.47339367866516,58.87939739227295,0.5939962863922119,,,,,,central,
RLSM,Heston,MinPut,0.05,0.2,0.01,2,-0.3,0.75,1,20000,50,100.5,100,0.0,1.0,30,50,"(1.0, 1.0, 1.0)",1.0,True,True,False,2.821927489970519,46.22072982788086,45.640499114990234,0.580230712890625,,,,,,central,
RLSM,Heston,MinPut,0.05,0.2,0.01,2,-0.3,0.75,1,20000,50,100.5,100,0.0,1.0,30,50,"(1.0, 1.0, 1.0)",1.0,True,True,False,2.755330942780258,65.44094347953796,64.91113924980164,0.5298042297363281,,,,,,central,
RLSM,Heston,MinPut,0.05,0.2,0.01,2,-0.3,0.75,1,20000,50,100.5,100,0.0,1.0,30,50,"(1.0, 1.0, 1.0)",1.0,True,True,False,2.7493254970594063,41.18221879005432,40.70756125450134,0.4746575355529785,,,,,,central,
RLSM,Heston,MinPut,0.05,0.2,0.01,2,-0.3,0.75,1,20000,50,100.5,100,0.0,1.0,30,50,"(1.0, 1.0, 1.0)",1.0,True,True,False,2.7763808309316973,47.73622131347656,47.17129325866699,0.5649280548095703,,,,,,central,
RLSM,Heston,MinPut,0.05,0.2,0.01,2,-0.3,0.75,1,20000,50,100.5,100,0.0,1.0,30,50,"(1.0, 1.0, 1.0)",1.0,True,True,False,2.7564393246210037,51.762248277664185,51.12298035621643,0.6392679214477539,,,,,,central,
RLSM,Heston,MinPut,0.05,0.2,0.01,2,-0.3,0.75,1,20000,50,100.5,100,0.0,1.0,30,50,"(1.0, 1.0, 1.0)",1.0,True,True,False,2.706461559216043,55.85593581199646,54.86333250999451,0.9926033020019531,,,,,,central,
RLSM,Heston,MinPut,0.05,0.2,0.01,2,-0.3,0.75,1,20000,50,100.5,100,0.0,1.0,30,50,"(1.0, 1.0, 1.0)",1.0,True,True,False,2.77345310658698,64.33165836334229,63.826273918151855,0.5053844451904297,,,,,,central,
RLSM,Heston,MinPut,0.05,0.2,0.01,2,-0.3,0.75,1,20000,50,100.5,100,0.0,1.0,30,50,"(1.0, 1.0, 1.0)",1.0,True,True,False,2.8604908829806424,56.839627742767334,54.34986972808838,2.489758014678955,,,,,,central,
RLSM,Heston,MinPut,0.05,0.2,0.01,2,-0.3,0.75,1,20000,50,100.5,100,0.0,1.0,30,50,"(1.0, 1.0, 1.0)",1.0,True,True,False,2.8092243948108244,52.242026567459106,51.107906103134155,1.1341204643249512,,,,,,central,
RLSM,Heston,MinPut,0.05,0.2,0.01,2,-0.3,0.75,1,20000,50,100.5,100,0.0,1.0,30,50,"(1.0, 1.0, 1.0)",1.0,True,True,False,2.6725895829760167,63.69077968597412,63.16466021537781,0.5261194705963135,,,,,,central,
RLSM,Heston,MinPut,0.05,0.2,0.01,2,-0.3,0.75,1,20000,50,100.5,100,0.0,1.0,30,50,"(1.0, 1.0, 1.0)",1.0,True,True,False,2.756534812184974,64.93432641029358,64.16161608695984,0.7727103233337402,,,,,,central,
RLSM,Heston,MinPut,0.05,0.2,0.01,2,-0.3,0.75,1,20000,50,100.5,100,0.0,1.0,30,50,"(1.0, 1.0, 1.0)",1.0,True,True,False,2.690792217071682,55.18395233154297,54.670839071273804,0.513113260269165,,,,,,central,
RLSM,Heston,MinPut,0.05,0.2,0.01,2,-0.3,0.75,1,20000,50,100.5,100,0.0,1.0,30,50,"(1.0, 1.0, 1.0)",1.0,True,True,False,2.7538583427001635,56.50455832481384,56.073787212371826,0.4307711124420166,,,,,,central,
RLSM,Heston,MinPut,0.05,0.2,0.01,2,-0.3,0.75,1,20000,50,100.5,100,0.0,1.0,30,50,"(1.0, 1.0, 1.0)",1.0,True,True,False,2.801518807489526,61.85735893249512,61.31546354293823,0.5418953895568848,,,,,,central,
RLSM,Heston,MinPut,0.05,0.2,0.01,2,-0.3,0.75,1,20000,50,100.5,100,0.0,1.0,30,50,"(1.0, 1.0, 1.0)",1.0,True,True,False,2.786917108767679,56.60428071022034,56.20445775985718,0.3998229503631592,,,,,,central,
NLSM,Heston,MinPut,0.05,0.2,0.01,2,-0.3,0.75,1,20000,50,100.5,100,0.0,1.0,30,50,"(1.0, 1.0, 1.0)",1.0,True,True,False,2.7617089977305187,79.45688486099243,64.97468185424805,14.482203006744385,,,,,,central,
NLSM,Heston,MinPut,0.05,0.2,0.01,2,-0.3,0.75,1,20000,50,100.5,100,0.0,1.0,30,50,"(1.0, 1.0, 1.0)",1.0,True,True,False,2.834548379518261,58.03500199317932,49.001347064971924,9.033654928207397,,,,,,central,
NLSM,Heston,MinPut,0.05,0.2,0.01,2,-0.3,0.75,1,20000,50,100.5,100,0.0,1.0,30,50,"(1.0, 1.0, 1.0)",1.0,True,True,False,2.8177068798129477,63.05915069580078,55.363802433013916,7.695348262786865,,,,,,central,
NLSM,Heston,MinPut,0.05,0.2,0.01,2,-0.3,0.75,1,20000,50,100.5,100,0.0,1.0,30,50,"(1.0, 1.0, 1.0)",1.0,True,True,False,2.850307994326202,67.04996633529663,56.16919660568237,10.880769729614258,,,,,,central,
NLSM,Heston,MinPut,0.05,0.2,0.01,2,-0.3,0.75,1,20000,50,100.5,100,0.0,1.0,30,50,"(1.0, 1.0, 1.0)",1.0,True,True,False,2.796088062797038,65.01312398910522,54.20768737792969,10.805436611175537,,,,,,central,
NLSM,Heston,MinPut,0.05,0.2,0.01,2,-0.3,0.75,1,20000,50,100.5,100,0.0,1.0,30,50,"(1.0, 1.0, 1.0)",1.0,True,True,False,2.7510284547928783,55.73618960380554,46.24085450172424,9.495335102081299,,,,,,central,
NLSM,Heston,MinPut,0.05,0.2,0.01,2,-0.3,0.75,1,20000,50,100.5,100,0.0,1.0,30,50,"(1.0, 1.0, 1.0)",1.0,True,True,False,2.7834970763262046,73.18834137916565,66.3017897605896,6.88655161857605,,,,,,central,
NLSM,Heston,MinPut,0.05,0.2,0.01,2,-0.3,0.75,1,20000,50,100.5,100,0.0,1.0,30,50,"(1.0, 1.0, 1.0)",1.0,True,True,False,2.777372114483748,55.91523814201355,44.85184717178345,11.063390970230103,,,,,,central,
NLSM,Heston,MinPut,0.05,0.2,0.01,2,-0.3,0.75,1,20000,50,100.5,100,0.0,1.0,30,50,"(1.0, 1.0, 1.0)",1.0,True,True,False,2.7815620693145737,61.702051639556885,52.98992943763733,8.712122201919556,,,,,,central,
NLSM,Heston,MinPut,0.05,0.2,0.01,2,-0.3,0.75,1,20000,50,100.5,100,0.0,1.0,30,50,"(1.0, 1.0, 1.0)",1.0,True,True,False,2.8121483305527866,64.38185596466064,56.24761414527893,8.134241819381714,,,,,,central,
NLSM,Heston,MinPut,0.05,0.2,0.01,2,-0.3,0.75,1,20000,50,100.5,100,0.0,1.0,30,50,"(1.0, 1.0, 1.0)",1.0,True,True,False,2.7804484774587612,63.493770360946655,57.66872501373291,5.825045347213745,,,,,,central,
NLSM,Heston,MinPut,0.05,0.2,0.01,2,-0.3,0.75,1,20000,50,100.5,100,0.0,1.0,30,50,"(1.0, 1.0, 1.0)",1.0,True,True,False,2.774789242542064,59.03010010719299,52.389427185058594,6.640672922134399,,,,,,central,
NLSM,Heston,MinPut,0.05,0.2,0.01,2,-0.3,0.75,1,20000,50,100.5,100,0.0,1.0,30,50,"(1.0, 1.0, 1.0)",1.0,True,True,False,2.7531559342125997,64.82477760314941,58.29674053192139,6.528037071228027,,,,,,central,
NLSM,Heston,MinPut,0.05,0.2,0.01,2,-0.3,0.75,1,20000,50,100.5,100,0.0,1.0,30,50,"(1.0, 1.0, 1.0)",1.0,True,True,False,2.8594119825919218,51.505754232406616,45.91370916366577,5.592045068740845,,,,,,central,
NLSM,Heston,MinPut,0.05,0.2,0.01,2,-0.3,0.75,1,20000,50,100.5,100,0.0,1.0,30,50,"(1.0, 1.0, 1.0)",1.0,True,True,False,2.800732535916813,58.9062819480896,51.965314865112305,6.940967082977295,,,,,,central,
NLSM,Heston,MinPut,0.05,0.2,0.01,2,-0.3,0.75,1,20000,50,100.5,100,0.0,1.0,30,50,"(1.0, 1.0, 1.0)",1.0,True,True,False,2.7496423380674635,58.26972770690918,51.03155255317688,7.2381751537323,,,,,,central,
NLSM,Heston,MinPut,0.05,0.2,0.01,2,-0.3,0.75,1,20000,50,100.5,100,0.0,1.0,30,50,"(1.0, 1.0, 1.0)",1.0,True,True,False,2.758633237768536,43.466421127319336,38.745254039764404,4.721167087554932,,,,,,central,
NLSM,Heston,MinPut,0.05,0.2,0.01,2,-0.3,0.75,1,20000,50,100.5,100,0.0,1.0,30,50,"(1.0, 1.0, 1.0)",1.0,True,True,False,2.765428109829567,53.37151503562927,45.88076877593994,7.490746259689331,,,,,,central,
NLSM,Heston,MinPut,0.05,0.2,0.01,2,-0.3,0.75,1,20000,50,100.5,100,0.0,1.0,30,50,"(1.0, 1.0, 1.0)",1.0,True,True,False,2.7452540090255932,49.47147560119629,41.314677238464355,8.156798362731934,,,,,,central,
NLSM,Heston,MinPut,0.05,0.2,0.01,2,-0.3,0.75,1,20000,50,100.5,100,0.0,1.0,30,50,"(1.0, 1.0, 1.0)",1.0,True,True,False,2.7908254822501277,50.564631938934326,42.062047719955444,8.502584218978882,,,,,,central,
LSM,Heston,MinPut,0.05,0.2,0.01,2,-0.3,0.75,1,20000,50,100.5,100,0.0,1.0,30,50,"(1.0, 1.0, 1.0)",1.0,True,True,False,2.795427314930523,41.8341064453125,41.7316575050354,0.10244894027709961,,,,,,central,
LSM,Heston,MinPut,0.05,0.2,0.01,2,-0.3,0.75,1,20000,50,100.5,100,0.0,1.0,30,50,"(1.0, 1.0, 1.0)",1.0,True,True,False,2.7856487563523644,44.34021258354187,44.16071081161499,0.17950177192687988,,,,,,central,
LSM,Heston,MinPut,0.05,0.2,0.01,2,-0.3,0.75,1,20000,50,100.5,100,0.0,1.0,30,50,"(1.0, 1.0, 1.0)",1.0,True,True,False,2.769694536012856,42.646382331848145,42.50559759140015,0.14078474044799805,,,,,,central,
LSM,Heston,MinPut,0.05,0.2,0.01,2,-0.3,0.75,1,20000,50,100.5,100,0.0,1.0,30,50,"(1.0, 1.0, 1.0)",1.0,True,True,False,2.762047719220637,39.141098737716675,39.03937077522278,0.10172796249389648,,,,,,central,
LSM,Heston,MinPut,0.05,0.2,0.01,2,-0.3,0.75,1,20000,50,100.5,100,0.0,1.0,30,50,"(1.0, 1.0, 1.0)",1.0,True,True,False,2.8184159200662933,34.06791090965271,33.89527440071106,0.1726365089416504,,,,,,central,
LSM,Heston,MinPut,0.05,0.2,0.01,2,-0.3,0.75,1,20000,50,100.5,100,0.0,1.0,30,50,"(1.0, 1.0, 1.0)",1.0,True,True,False,2.8488199498962037,37.02458119392395,36.927903175354004,0.09667801856994629,,,,,,central,
LSM,Heston,MinPut,0.05,0.2,0.01,2,-0.3,0.75,1,20000,50,100.5,100,0.0,1.0,30,50,"(1.0, 1.0, 1.0)",1.0,True,True,False,2.798298247347638,36.02061629295349,35.889365911483765,0.13125038146972656,,,,,,central,
LSM,Heston,MinPut,0.05,0.2,0.01,2,-0.3,0.75,1,20000,50,100.5,100,0.0,1.0,30,50,"(1.0, 1.0, 1.0)",1.0,True,True,False,2.8609047380183785,39.00399899482727,38.87271070480347,0.1312882900238037,,,,,,central,
LSM,Heston,MinPut,0.05,0.2,0.01,2,-0.3,0.75,1,20000,50,100.5,100,0.0,1.0,30,50,"(1.0, 1.0, 1.0)",1.0,True,True,False,2.791784837125167,37.71084952354431,37.604379415512085,0.10647010803222656,,,,,,central,
LSM,Heston,MinPut,0.05,0.2,0.01,2,-0.3,0.75,1,20000,50,100.5,100,0.0,1.0,30,50,"(1.0, 1.0, 1.0)",1.0,True,True,False,2.722176119176195,32.68926811218262,32.5909686088562,0.09829950332641602,,,,,,central,
LSM,Heston,MinPut,0.05,0.2,0.01,2,-0.3,0.75,1,20000,50,100.5,100,0.0,1.0,30,50,"(1.0, 1.0, 1.0)",1.0,True,True,False,2.7601690620075354,37.310505390167236,37.21298789978027,0.09751749038696289,,,,,,central,
LSM,Heston,MinPut,0.05,0.2,0.01,2,-0.3,0.75,1,20000,50,100.5,100,0.0,1.0,30,50,"(1.0, 1.0, 1.0)",1.0,True,True,False,2.781697161531704,33.246865034103394,33.141228914260864,0.1056361198425293,,,,,,central,
LSM,Heston,MinPut,0.05,0.2,0.01,2,-0.3,0.75,1,20000,50,100.5,100,0.0,1.0,30,50,"(1.0, 1.0, 1.0)",1.0,True,True,False,2.8264619373511572,33.76488018035889,33.636942625045776,0.12793755531311035,,,,,,central,
LSM,Heston,MinPut,0.05,0.2,0.01,2,-0.3,0.75,1,20000,50,100.5,100,0.0,1.0,30,50,"(1.0, 1.0, 1.0)",1.0,True,True,False,2.7308887128787305,34.29191732406616,34.1918466091156,0.10007071495056152,,,,,,central,
LSM,Heston,MinPut,0.05,0.2,0.01,2,-0.3,0.75,1,20000,50,100.5,100,0.0,1.0,30,50,"(1.0, 1.0, 1.0)",1.0,True,True,False,2.80838649380184,30.74796962738037,30.58075785636902,0.16721177101135254,,,,,,central,
LSM,Heston,MinPut,0.05,0.2,0.01,2,-0.3,0.75,1,20000,50,100.5,100,0.0,1.0,30,50,"(1.0, 1.0, 1.0)",1.0,True,True,False,2.766958431177968,33.13482904434204,33.032135248184204,0.10269379615783691,,,,,,central,
LSM,Heston,MinPut,0.05,0.2,0.01,2,-0.3,0.75,1,20000,50,100.5,100,0.0,1.0,30,50,"(1.0, 1.0, 1.0)",1.0,True,True,False,2.7949799107237605,35.38640570640564,35.29214358329773,0.09426212310791016,,,,,,central,
LSM,Heston,MinPut,0.05,0.2,0.01,2,-0.3,0.75,1,20000,50,100.5,100,0.0,1.0,30,50,"(1.0, 1.0, 1.0)",1.0,True,True,False,2.8016190710504643,30.899755239486694,30.806632041931152,0.09312319755554199,,,,,,central,
LSM,Heston,MinPut,0.05,0.2,0.01,2,-0.3,0.75,1,20000,50,100.5,100,0.0,1.0,30,50,"(1.0, 1.0, 1.0)",1.0,True,True,False,2.811355816943829,32.96672558784485,32.87309384346008,0.09363174438476562,,,,,,central,
LSM,Heston,MinPut,0.05,0.2,0.01,2,-0.3,0.75,1,20000,50,100.5,100,0.0,1.0,30,50,"(1.0, 1.0, 1.0)",1.0,True,True,False,2.8088003262927064,29.828254222869873,29.659117460250854,0.16913676261901855,,,,,,central,
RLSM,Heston,MinPut,0.05,0.2,0.01,2,-0.3,0.75,1,20000,50,99.5,100,0.0,1.0,30,50,"(1.0, 1.0, 1.0)",1.0,True,True,False,3.087255451101932,45.74704718589783,45.05990266799927,0.6871445178985596,,,,,,central,
RLSM,Heston,MinPut,0.05,0.2,0.01,2,-0.3,0.75,1,20000,50,99.5,100,0.0,1.0,30,50,"(1.0, 1.0, 1.0)",1.0,True,True,False,3.1281589253781887,38.28377842903137,37.727750301361084,0.5560281276702881,,,,,,central,
RLSM,Heston,MinPut,0.05,0.2,0.01,2,-0.3,0.75,1,20000,50,99.5,100,0.0,1.0,30,50,"(1.0, 1.0, 1.0)",1.0,True,True,False,3.1785168246445346,54.01279640197754,53.31503343582153,0.6977629661560059,,,,,,central,
RLSM,Heston,MinPut,0.05,0.2,0.01,2,-0.3,0.75,1,20000,50,99.5,100,0.0,1.0,30,50,"(1.0, 1.0, 1.0)",1.0,True,True,False,3.1151076675295353,68.28006792068481,65.57742738723755,2.7026405334472656,,,,,,central,
RLSM,Heston,MinPut,0.05,0.2,0.01,2,-0.3,0.75,1,20000,50,99.5,100,0.0,1.0,30,50,"(1.0, 1.0, 1.0)",1.0,True,True,False,3.059884796728387,63.3573784828186,61.44296169281006,1.914416790008545,,,,,,central,
RLSM,Heston,MinPut,0.05,0.2,0.01,2,-0.3,0.75,1,20000,50,99.5,100,0.0,1.0,30,50,"(1.0, 1.0, 1.0)",1.0,True,True,False,3.0701557728728535,43.66705656051636,43.104299783706665,0.5627567768096924,,,,,,central,
RLSM,Heston,MinPut,0.05,0.2,0.01,2,-0.3,0.75,1,20000,50,99.5,100,0.0,1.0,30,50,"(1.0, 1.0, 1.0)",1.0,True,True,False,3.1279882454107306,39.74144220352173,39.138267517089844,0.6031746864318848,,,,,,central,
RLSM,Heston,MinPut,0.05,0.2,0.01,2,-0.3,0.75,1,20000,50,99.5,100,0.0,1.0,30,50,"(1.0, 1.0, 1.0)",1.0,True,True,False,3.063749296822308,63.95832538604736,63.160926818847656,0.797398567199707,,,,,,central,
RLSM,Heston,MinPut,0.05,0.2,0.01,2,-0.3,0.75,1,20000,50,99.5,100,0.0,1.0,30,50,"(1.0, 1.0, 1.0)",1.0,True,True,False,3.158131838219917,49.86844778060913,49.233954429626465,0.634493350982666,,,,,,central,
RLSM,Heston,MinPut,0.05,0.2,0.01,2,-0.3,0.75,1,20000,50,99.5,100,0.0,1.0,30,50,"(1.0, 1.0, 1.0)",1.0,True,True,False,3.1787861276756257,57.206787109375,56.57959222793579,0.627194881439209,,,,,,central,
RLSM,Heston,MinPut,0.05,0.2,0.01,2,-0.3,0.75,1,20000,50,99.5,100,0.0,1.0,30,50,"(1.0, 1.0, 1.0)",1.0,True,True,False,3.079531089048297,46.84346961975098,46.31087803840637,0.5325915813446045,,,,,,central,
RLSM,Heston,MinPut,0.05,0.2,0.01,2,-0.3,0.75,1,20000,50,99.5,100,0.0,1.0,30,50,"(1.0, 1.0, 1.0)",1.0,True,True,False,3.1100074338473007,58.37910485267639,57.65019178390503,0.7289130687713623,,,,,,central,
RLSM,Heston,MinPut,0.05,0.2,0.01,2,-0.3,0.75,1,20000,50,99.5,100,0.0,1.0,30,50,"(1.0, 1.0, 1.0)",1.0,True,True,False,3.097690540512054,56.13904166221619,55.34043526649475,0.7986063957214355,,,,,,central,
RLSM,Heston,MinPut,0.05,0.2,0.01,2,-0.3,0.75,1,20000,50,99.5,100,0.0,1.0,30,50,"(1.0, 1.0, 1.0)",1.0,True,True,False,3.18756045132656,52.40545105934143,51.80463218688965,0.6008188724517822,,,,,,central,
RLSM,Heston,MinPut,0.05,0.2,0.01,2,-0.3,0.75,1,20000,50,99.5,100,0.0,1.0,30,50,"(1.0, 1.0, 1.0)",1.0,True,True,False,3.1298320088813703,58.25629234313965,57.7024507522583,0.5538415908813477,,,,,,central,
RLSM,Heston,MinPut,0.05,0.2,0.01,2,-0.3,0.75,1,20000,50,99.5,100,0.0,1.0,30,50,"(1.0, 1.0, 1.0)",1.0,True,True,False,3.1223391048107203,52.199700355529785,51.60118627548218,0.5985140800476074,,,,,,central,
RLSM,Heston,MinPut,0.05,0.2,0.01,2,-0.3,0.75,1,20000,50,99.5,100,0.0,1.0,30,50,"(1.0, 1.0, 1.0)",1.0,True,True,False,3.1139121758720716,55.16487002372742,54.62126660346985,0.5436034202575684,,,,,,central,
RLSM,Heston,MinPut,0.05,0.2,0.01,2,-0.3,0.75,1,20000,50,99.5,100,0.0,1.0,30,50,"(1.0, 1.0, 1.0)",1.0,True,True,False,3.1442129791980107,58.2597222328186,57.66231369972229,0.5974085330963135,,,,,,central,
RLSM,Heston,MinPut,0.05,0.2,0.01,2,-0.3,0.75,1,20000,50,99.5,100,0.0,1.0,30,50,"(1.0, 1.0, 1.0)",1.0,True,True,False,3.2054812680701055,66.13273525238037,65.44872808456421,0.6840071678161621,,,,,,central,
RLSM,Heston,MinPut,0.05,0.2,0.01,2,-0.3,0.75,1,20000,50,99.5,100,0.0,1.0,30,50,"(1.0, 1.0, 1.0)",1.0,True,True,False,3.1743613850640022,56.34205627441406,55.64428472518921,0.6977715492248535,,,,,,central,
NLSM,Heston,MinPut,0.05,0.2,0.01,2,-0.3,0.75,1,20000,50,99.5,100,0.0,1.0,30,50,"(1.0, 1.0, 1.0)",1.0,True,True,False,3.219327819010924,74.90409779548645,58.15325975418091,16.750838041305542,,,,,,central,
NLSM,Heston,MinPut,0.05,0.2,0.01,2,-0.3,0.75,1,20000,50,99.5,100,0.0,1.0,30,50,"(1.0, 1.0, 1.0)",1.0,True,True,False,3.263588478892244,60.18534517288208,49.79871654510498,10.3866286277771,,,,,,central,
NLSM,Heston,MinPut,0.05,0.2,0.01,2,-0.3,0.75,1,20000,50,99.5,100,0.0,1.0,30,50,"(1.0, 1.0, 1.0)",1.0,True,True,False,3.2617943920881216,70.18184399604797,58.1719605922699,12.009883403778076,,,,,,central,
NLSM,Heston,MinPut,0.05,0.2,0.01,2,-0.3,0.75,1,20000,50,99.5,100,0.0,1.0,30,50,"(1.0, 1.0, 1.0)",1.0,True,True,False,3.1989792970225106,65.28562498092651,55.373509883880615,9.912115097045898,,,,,,central,
NLSM,Heston,MinPut,0.05,0.2,0.01,2,-0.3,0.75,1,20000,50,99.5,100,0.0,1.0,30,50,"(1.0, 1.0, 1.0)",1.0,True,True,False,3.1493554193098836,74.53222584724426,64.40604639053345,10.126179456710815,,,,,,central,
NLSM,Heston,MinPut,0.05,0.2,0.01,2,-0.3,0.75,1,20000,50,99.5,100,0.0,1.0,30,50,"(1.0, 1.0, 1.0)",1.0,True,True,False,3.188679928151367,73.52374649047852,62.72116279602051,10.802583694458008,,,,,,central,
NLSM,Heston,MinPut,0.05,0.2,0.01,2,-0.3,0.75,1,20000,50,99.5,100,0.0,1.0,30,50,"(1.0, 1.0, 1.0)",1.0,True,True,False,3.182492312231475,68.31917214393616,59.11100363731384,9.208168506622314,,,,,,central,
NLSM,Heston,MinPut,0.05,0.2,0.01,2,-0.3,0.75,1,20000,50,99.5,100,0.0,1.0,30,50,"(1.0, 1.0, 1.0)",1.0,True,True,False,3.2273949060839757,70.26696991920471,60.66919708251953,9.59777283668518,,,,,,central,
NLSM,Heston,MinPut,0.05,0.2,0.01,2,-0.3,0.75,1,20000,50,99.5,100,0.0,1.0,30,50,"(1.0, 1.0, 1.0)",1.0,True,True,False,3.2193432472494,68.99168157577515,58.50753736495972,10.48414421081543,,,,,,central,
NLSM,Heston,MinPut,0.05,0.2,0.01,2,-0.3,0.75,1,20000,50,99.5,100,0.0,1.0,30,50,"(1.0, 1.0, 1.0)",1.0,True,True,False,3.2041687303296653,58.535494804382324,48.825907707214355,9.709587097167969,,,,,,central,
NLSM,Heston,MinPut,0.05,0.2,0.01,2,-0.3,0.75,1,20000,50,99.5,100,0.0,1.0,30,50,"(1.0, 1.0, 1.0)",1.0,True,True,False,3.130867190760468,57.19225001335144,48.089778423309326,9.102471590042114,,,,,,central,
NLSM,Heston,MinPut,0.05,0.2,0.01,2,-0.3,0.75,1,20000,50,99.5,100,0.0,1.0,30,50,"(1.0, 1.0, 1.0)",1.0,True,True,False,3.1763916692891248,54.825175285339355,45.8744215965271,8.950753688812256,,,,,,central,
NLSM,Heston,MinPut,0.05,0.2,0.01,2,-0.3,0.75,1,20000,50,99.5,100,0.0,1.0,30,50,"(1.0, 1.0, 1.0)",1.0,True,True,False,3.170374502553179,47.83100938796997,38.58638954162598,9.244619846343994,,,,,,central,
NLSM,Heston,MinPut,0.05,0.2,0.01,2,-0.3,0.75,1,20000,50,99.5,100,0.0,1.0,30,50,"(1.0, 1.0, 1.0)",1.0,True,True,False,3.200549183110705,65.67447519302368,58.04179668426514,7.632678508758545,,,,,,central,
NLSM,Heston,MinPut,0.05,0.2,0.01,2,-0.3,0.75,1,20000,50,99.5,100,0.0,1.0,30,50,"(1.0, 1.0, 1.0)",1.0,True,True,False,3.2022956624588828,49.809624433517456,41.04955983161926,8.760064601898193,,,,,,central,
NLSM,Heston,MinPut,0.05,0.2,0.01,2,-0.3,0.75,1,20000,50,99.5,100,0.0,1.0,30,50,"(1.0, 1.0, 1.0)",1.0,True,True,False,3.2205517577761933,50.88006567955017,42.961533308029175,7.918532371520996,,,,,,central,
NLSM,Heston,MinPut,0.05,0.2,0.01,2,-0.3,0.75,1,20000,50,99.5,100,0.0,1.0,30,50,"(1.0, 1.0, 1.0)",1.0,True,True,False,3.137953180549068,56.631468534469604,47.944798707962036,8.686669826507568,,,,,,central,
NLSM,Heston,MinPut,0.05,0.2,0.01,2,-0.3,0.75,1,20000,50,99.5,100,0.0,1.0,30,50,"(1.0, 1.0, 1.0)",1.0,True,True,False,3.1581063525354884,47.38162350654602,39.73547124862671,7.6461522579193115,,,,,,central,
NLSM,Heston,MinPut,0.05,0.2,0.01,2,-0.3,0.75,1,20000,50,99.5,100,0.0,1.0,30,50,"(1.0, 1.0, 1.0)",1.0,True,True,False,3.099147613856801,48.75344181060791,39.658612966537476,9.094828844070435,,,,,,central,
NLSM,Heston,MinPut,0.05,0.2,0.01,2,-0.3,0.75,1,20000,50,99.5,100,0.0,1.0,30,50,"(1.0, 1.0, 1.0)",1.0,True,True,False,3.1935602825306826,44.24012494087219,36.7760591506958,7.464065790176392,,,,,,central,
LSM,Heston,MinPut,0.05,0.2,0.01,2,-0.3,0.75,1,20000,50,99.5,100,0.0,1.0,30,50,"(1.0, 1.0, 1.0)",1.0,True,True,False,3.184056350402774,40.491865396499634,40.38258171081543,0.1092836856842041,,,,,,central,
LSM,Heston,MinPut,0.05,0.2,0.01,2,-0.3,0.75,1,20000,50,99.5,100,0.0,1.0,30,50,"(1.0, 1.0, 1.0)",1.0,True,True,False,3.236368817503648,34.42462420463562,34.3188796043396,0.10574460029602051,,,,,,central,
LSM,Heston,MinPut,0.05,0.2,0.01,2,-0.3,0.75,1,20000,50,99.5,100,0.0,1.0,30,50,"(1.0, 1.0, 1.0)",1.0,True,True,False,3.1999712777559797,39.89291286468506,39.750171184539795,0.14274168014526367,,,,,,central,
LSM,Heston,MinPut,0.05,0.2,0.01,2,-0.3,0.75,1,20000,50,99.5,100,0.0,1.0,30,50,"(1.0, 1.0, 1.0)",1.0,True,True,False,3.111114756854034,35.014140129089355,34.80436730384827,0.20977282524108887,,,,,,central,
LSM,Heston,MinPut,0.05,0.2,0.01,2,-0.3,0.75,1,20000,50,99.5,100,0.0,1.0,30,50,"(1.0, 1.0, 1.0)",1.0,True,True,False,3.082205099351799,38.17066431045532,38.06068730354309,0.10997700691223145,,,,,,central,
LSM,Heston,MinPut,0.05,0.2,0.01,2,-0.3,0.75,1,20000,50,99.5,100,0.0,1.0,30,50,"(1.0, 1.0, 1.0)",1.0,True,True,False,3.137018044179473,34.25242805480957,34.144510984420776,0.10791707038879395,,,,,,central,
LSM,Heston,MinPut,0.05,0.2,0.01,2,-0.3,0.75,1,20000,50,99.5,100,0.0,1.0,30,50,"(1.0, 1.0, 1.0)",1.0,True,True,False,3.150642596033135,35.58471727371216,35.479065895080566,0.1056513786315918,,,,,,central,
LSM,Heston,MinPut,0.05,0.2,0.01,2,-0.3,0.75,1,20000,50,99.5,100,0.0,1.0,30,50,"(1.0, 1.0, 1.0)",1.0,True,True,False,3.114702739186111,32.251394510269165,32.05651354789734,0.19488096237182617,,,,,,central,
LSM,Heston,MinPut,0.05,0.2,0.01,2,-0.3,0.75,1,20000,50,99.5,100,0.0,1.0,30,50,"(1.0, 1.0, 1.0)",1.0,True,True,False,3.117895092141486,42.71056509017944,42.56092834472656,0.14963674545288086,,,,,,central,
LSM,Heston,MinPut,0.05,0.2,0.01,2,-0.3,0.75,1,20000,50,99.5,100,0.0,1.0,30,50,"(1.0, 1.0, 1.0)",1.0,True,True,False,3.133566190018389,32.579707860946655,32.46721863746643,0.11248922348022461,,,,,,central,
LSM,Heston,MinPut,0.05,0.2,0.01,2,-0.3,0.75,1,20000,50,99.5,100,0.0,1.0,30,50,"(1.0, 1.0, 1.0)",1.0,True,True,False,3.1679473655084553,30.016282081604004,29.90930199623108,0.1069800853729248,,,,,,central,
LSM,Heston,MinPut,0.05,0.2,0.01,2,-0.3,0.75,1,20000,50,99.5,100,0.0,1.0,30,50,"(1.0, 1.0, 1.0)",1.0,True,True,False,3.264586546600531,32.259440422058105,32.15837550163269,0.10106492042541504,,,,,,central,
LSM,Heston,MinPut,0.05,0.2,0.01,2,-0.3,0.75,1,20000,50,99.5,100,0.0,1.0,30,50,"(1.0, 1.0, 1.0)",1.0,True,True,False,3.1524932844094784,35.330957889556885,35.23175072669983,0.09920716285705566,,,,,,central,
LSM,Heston,MinPut,0.05,0.2,0.01,2,-0.3,0.75,1,20000,50,99.5,100,0.0,1.0,30,50,"(1.0, 1.0, 1.0)",1.0,True,True,False,3.2573667734612255,32.16643261909485,32.06357669830322,0.10285592079162598,,,,,,central,
LSM,Heston,MinPut,0.05,0.2,0.01,2,-0.3,0.75,1,20000,50,99.5,100,0.0,1.0,30,50,"(1.0, 1.0, 1.0)",1.0,True,True,False,3.130968416903994,29.71885657310486,29.62065601348877,0.09820055961608887,,,,,,central,
LSM,Heston,MinPut,0.05,0.2,0.01,2,-0.3,0.75,1,20000,50,99.5,100,0.0,1.0,30,50,"(1.0, 1.0, 1.0)",1.0,True,True,False,3.1493312071008326,30.77549171447754,30.653209447860718,0.12228226661682129,,,,,,central,
LSM,Heston,MinPut,0.05,0.2,0.01,2,-0.3,0.75,1,20000,50,99.5,100,0.0,1.0,30,50,"(1.0, 1.0, 1.0)",1.0,True,True,False,3.1563050093144907,30.547940492630005,30.43314266204834,0.11479783058166504,,,,,,central,
LSM,Heston,MinPut,0.05,0.2,0.01,2,-0.3,0.75,1,20000,50,99.5,100,0.0,1.0,30,50,"(1.0, 1.0, 1.0)",1.0,True,True,False,3.0669545356164813,29.776214361190796,29.67725396156311,0.09896039962768555,,,,,,central,
LSM,Heston,MinPut,0.05,0.2,0.01,2,-0.3,0.75,1,20000,50,99.5,100,0.0,1.0,30,50,"(1.0, 1.0, 1.0)",1.0,True,True,False,3.15260696516994,30.17714786529541,30.07415771484375,0.10299015045166016,,,,,,central,
LSM,Heston,MinPut,0.05,0.2,0.01,2,-0.3,0.75,1,20000,50,99.5,100,0.0,1.0,30,50,"(1.0, 1.0, 1.0)",1.0,True,True,False,3.1124997504172778,29.09616780281067,28.99454092979431,0.10162687301635742,,,,,,central,
